restaurant_id,restaurant_name,menu_item_name,raw_menu_item_name,price_sgd,price_note,category,source,source_url,source_file,collected_at,address,latitude,longitude,restaurant_rating,branch_match_status,notes
T013,Sloppy B,Chipopo + Soup Set + Green Tea,Chipopo + Soup Set + Green Tea,12.53,starting_price,Combo,foodpanda_web_index_snapshot,https://www.foodpanda.sg/restaurant/ht0p/sloppy-b-pasta-nus,,2026-08-03,2 Sports Drive 1 #03-03 Singapore 117561,,,,target_branch_match,Extracted from Foodpanda search-indexed public menu text
T013,Sloppy B,Pesto Verde + Soup Set + Green Tea,Pesto Verde + Soup Set + Green Tea,12.53,starting_price,Combo,foodpanda_web_index_snapshot,https://www.foodpanda.sg/restaurant/ht0p/sloppy-b-pasta-nus,,2026-08-03,2 Sports Drive 1 #03-03 Singapore 117561,,,,target_branch_match,Extracted from Foodpanda search-indexed public menu text
T013,Sloppy B,Marinara + Soup Set + Green Tea,Marinara + Soup Set + Green Tea,12.53,starting_price,Combo,foodpanda_web_index_snapshot,https://www.foodpanda.sg/restaurant/ht0p/sloppy-b-pasta-nus,,2026-08-03,2 Sports Drive 1 #03-03 Singapore 117561,,,,target_branch_match,Extracted from Foodpanda search-indexed public menu text
T013,Sloppy B,Truffle Mushroom Cream + Soup Set + Green Tea (V),Truffle Mushroom Cream + Soup Set + Green Tea (V),12.53,starting_price,Combo,foodpanda_web_index_snapshot,https://www.foodpanda.sg/restaurant/ht0p/sloppy-b-pasta-nus,,2026-08-03,2 Sports Drive 1 #03-03 Singapore 117561,,,,target_branch_match,Extracted from Foodpanda search-indexed public menu text
T013,Sloppy B,Truffle Mushroom Cream (V),Truffle Mushroom Cream (V),10.85,starting_price,Pasta Ala Carte,foodpanda_web_index_snapshot,https://www.foodpanda.sg/restaurant/ht0p/sloppy-b-pasta-nus,,2026-08-03,2 Sports Drive 1 #03-03 Singapore 117561,,,,target_branch_match,Extracted from Foodpanda search-indexed public menu text
T013,Sloppy B,Pesto Verde,Pesto Verde,10.85,starting_price,Pasta Ala Carte,foodpanda_web_index_snapshot,https://www.foodpanda.sg/restaurant/ht0p/sloppy-b-pasta-nus,,2026-08-03,2 Sports Drive 1 #03-03 Singapore 117561,,,,target_branch_match,Extracted from Foodpanda search-indexed public menu text
T013,Sloppy B,Marinara,Marinara,10.85,starting_price,Pasta Ala Carte,foodpanda_web_index_snapshot,https://www.foodpanda.sg/restaurant/ht0p/sloppy-b-pasta-nus,,2026-08-03,2 Sports Drive 1 #03-03 Singapore 117561,,,,target_branch_match,Extracted from Foodpanda search-indexed public menu text
T013,Sloppy B,Chipopo,Chipopo,10.85,starting_price,Pasta Ala Carte,foodpanda_web_index_snapshot,https://www.foodpanda.sg/restaurant/ht0p/sloppy-b-pasta-nus,,2026-08-03,2 Sports Drive 1 #03-03 Singapore 117561,,,,target_branch_match,Extracted from Foodpanda search-indexed public menu text
T013,Sloppy B,Krimchi,Krimchi,10.85,starting_price,Pasta Ala Carte,foodpanda_web_index_snapshot,https://www.foodpanda.sg/restaurant/ht0p/sloppy-b-pasta-nus,,2026-08-03,2 Sports Drive 1 #03-03 Singapore 117561,,,,target_branch_match,Extracted from Foodpanda search-indexed public menu text
T013,Sloppy B,Chipopo + Soup Set,Chipopo + Soup Set,11.83,starting_price,Pasta & Soup Of The Day Set,foodpanda_web_index_snapshot,https://www.foodpanda.sg/restaurant/ht0p/sloppy-b-pasta-nus,,2026-08-03,2 Sports Drive 1 #03-03 Singapore 117561,,,,target_branch_match,Extracted from Foodpanda search-indexed public menu text
T013,Sloppy B,Krimchi + Soup Set,Krimchi + Soup Set,11.83,starting_price,Pasta & Soup Of The Day Set,foodpanda_web_index_snapshot,https://www.foodpanda.sg/restaurant/ht0p/sloppy-b-pasta-nus,,2026-08-03,2 Sports Drive 1 #03-03 Singapore 117561,,,,target_branch_match,Extracted from Foodpanda search-indexed public menu text
T013,Sloppy B,Pesto Verde + Soup Set,Pesto Verde + Soup Set,11.83,starting_price,Pasta & Soup Of The Day Set,foodpanda_web_index_snapshot,https://www.foodpanda.sg/restaurant/ht0p/sloppy-b-pasta-nus,,2026-08-03,2 Sports Drive 1 #03-03 Singapore 117561,,,,target_branch_match,Extracted from Foodpanda search-indexed public menu text
T013,Sloppy B,Marinara + Soup Set,Marinara + Soup Set,11.83,starting_price,Pasta & Soup Of The Day Set,foodpanda_web_index_snapshot,https://www.foodpanda.sg/restaurant/ht0p/sloppy-b-pasta-nus,,2026-08-03,2 Sports Drive 1 #03-03 Singapore 117561,,,,target_branch_match,Extracted from Foodpanda search-indexed public menu text
T013,Sloppy B,Truffle Mushroom Cream + Soup Set (V),Truffle Mushroom Cream + Soup Set (V),11.83,starting_price,Pasta & Soup Of The Day Set,foodpanda_web_index_snapshot,https://www.foodpanda.sg/restaurant/ht0p/sloppy-b-pasta-nus,,2026-08-03,2 Sports Drive 1 #03-03 Singapore 117561,,,,target_branch_match,Extracted from Foodpanda search-indexed public menu text
T013,Sloppy B,Truffle Fries With Truffle Aioli,Truffle Fries With Truffle Aioli,7.63,fixed,Sides,foodpanda_web_index_snapshot,https://www.foodpanda.sg/restaurant/ht0p/sloppy-b-pasta-nus,,2026-08-03,2 Sports Drive 1 #03-03 Singapore 117561,,,,target_branch_match,Extracted from Foodpanda search-indexed public menu text
T013,Sloppy B,Spicy Cheesy Tots,Spicy Cheesy Tots,9.03,fixed,Sides,foodpanda_web_index_snapshot,https://www.foodpanda.sg/restaurant/ht0p/sloppy-b-pasta-nus,,2026-08-03,2 Sports Drive 1 #03-03 Singapore 117561,,,,target_branch_match,Extracted from Foodpanda search-indexed public menu text
T013,Sloppy B,Truffle Tots,Truffle Tots,9.03,fixed,Sides,foodpanda_web_index_snapshot,https://www.foodpanda.sg/restaurant/ht0p/sloppy-b-pasta-nus,,2026-08-03,2 Sports Drive 1 #03-03 Singapore 117561,,,,target_branch_match,Extracted from Foodpanda search-indexed public menu text
T013,Sloppy B,Coke,Coke,2.03,fixed,Drinks,foodpanda_web_index_snapshot,https://www.foodpanda.sg/restaurant/ht0p/sloppy-b-pasta-nus,,2026-08-03,2 Sports Drive 1 #03-03 Singapore 117561,,,,target_branch_match,Extracted from Foodpanda search-indexed public menu text
T013,Sloppy B,Coke Zero,Coke Zero,2.03,fixed,Drinks,foodpanda_web_index_snapshot,https://www.foodpanda.sg/restaurant/ht0p/sloppy-b-pasta-nus,,2026-08-03,2 Sports Drive 1 #03-03 Singapore 117561,,,,target_branch_match,Extracted from Foodpanda search-indexed public menu text
T013,Sloppy B,Green Tea,Green Tea,2.03,fixed,Drinks,foodpanda_web_index_snapshot,https://www.foodpanda.sg/restaurant/ht0p/sloppy-b-pasta-nus,,2026-08-03,2 Sports Drive 1 #03-03 Singapore 117561,,,,target_branch_match,Extracted from Foodpanda search-indexed public menu text
T013,Sloppy B,100 Plus,100 Plus,2.03,fixed,Drinks,foodpanda_web_index_snapshot,https://www.foodpanda.sg/restaurant/ht0p/sloppy-b-pasta-nus,,2026-08-03,2 Sports Drive 1 #03-03 Singapore 117561,,,,target_branch_match,Extracted from Foodpanda search-indexed public menu text
T013,Sloppy B,Mineral Water,Mineral Water,1.54,fixed,Drinks,foodpanda_web_index_snapshot,https://www.foodpanda.sg/restaurant/ht0p/sloppy-b-pasta-nus,,2026-08-03,2 Sports Drive 1 #03-03 Singapore 117561,,,,target_branch_match,Extracted from Foodpanda search-indexed public menu text
T018,Hugabo,Signature Seafood Paofan,Signature Seafood Paofan,14.8,starting_price,Customer Favourites,foodpanda_web_index_snapshot,https://www.foodpanda.sg/restaurant/u4cp/hugabo-nuh-medical-centre,,2026-08-03,1 Lower Kent Ridge Road #01-25 Singapore 119082,,,,same_building_unit_mismatch_needs_review,Foodpanda page is One@KentRidge/NUH area but unit differs from target hint #01-29
T018,Hugabo,Batang Fish Soup (Value),Batang Fish Soup (Value),12.5,starting_price,Customer Favourites,foodpanda_web_index_snapshot,https://www.foodpanda.sg/restaurant/u4cp/hugabo-nuh-medical-centre,,2026-08-03,1 Lower Kent Ridge Road #01-25 Singapore 119082,,,,same_building_unit_mismatch_needs_review,Foodpanda page is One@KentRidge/NUH area but unit differs from target hint #01-29
T018,Hugabo,Mala Soup with Beef & Beefballs,Mala Soup with Beef & Beefballs,12.2,starting_price,Customer Favourites,foodpanda_web_index_snapshot,https://www.foodpanda.sg/restaurant/u4cp/hugabo-nuh-medical-centre,,2026-08-03,1 Lower Kent Ridge Road #01-25 Singapore 119082,,,,same_building_unit_mismatch_needs_review,Foodpanda page is One@KentRidge/NUH area but unit differs from target hint #01-29
T018,Hugabo,Mala Xiang Guo,Mala Xiang Guo,4.8,starting_price,Customer Favourites,foodpanda_web_index_snapshot,https://www.foodpanda.sg/restaurant/u4cp/hugabo-nuh-medical-centre,,2026-08-03,1 Lower Kent Ridge Road #01-25 Singapore 119082,,,,same_building_unit_mismatch_needs_review,Foodpanda page is One@KentRidge/NUH area but unit differs from target hint #01-29
T018,Hugabo,Superior Soup with Cordyceps Flower,Superior Soup with Cordyceps Flower,9.8,starting_price,Customer Favourites,foodpanda_web_index_snapshot,https://www.foodpanda.sg/restaurant/u4cp/hugabo-nuh-medical-centre,,2026-08-03,1 Lower Kent Ridge Road #01-25 Singapore 119082,,,,same_building_unit_mismatch_needs_review,Foodpanda page is One@KentRidge/NUH area but unit differs from target hint #01-29
T018,Hugabo,Tomato Soup with Chicken,Tomato Soup with Chicken,9.5,starting_price,Customer Favourites,foodpanda_web_index_snapshot,https://www.foodpanda.sg/restaurant/u4cp/hugabo-nuh-medical-centre,,2026-08-03,1 Lower Kent Ridge Road #01-25 Singapore 119082,,,,same_building_unit_mismatch_needs_review,Foodpanda page is One@KentRidge/NUH area but unit differs from target hint #01-29
T018,Hugabo,Tom Yum Soup with Seafood,Tom Yum Soup with Seafood,11.5,starting_price,Customer Favourites,foodpanda_web_index_snapshot,https://www.foodpanda.sg/restaurant/u4cp/hugabo-nuh-medical-centre,,2026-08-03,1 Lower Kent Ridge Road #01-25 Singapore 119082,,,,same_building_unit_mismatch_needs_review,Foodpanda page is One@KentRidge/NUH area but unit differs from target hint #01-29
T018,Hugabo,Superior Soup with Chicken,Superior Soup with Chicken,9.5,starting_price,Customer Favourites,foodpanda_web_index_snapshot,https://www.foodpanda.sg/restaurant/u4cp/hugabo-nuh-medical-centre,,2026-08-03,1 Lower Kent Ridge Road #01-25 Singapore 119082,,,,same_building_unit_mismatch_needs_review,Foodpanda page is One@KentRidge/NUH area but unit differs from target hint #01-29
T018,Hugabo,Ramen Egg,Ramen Egg,1.5,fixed,Customer Favourites,foodpanda_web_index_snapshot,https://www.foodpanda.sg/restaurant/u4cp/hugabo-nuh-medical-centre,,2026-08-03,1 Lower Kent Ridge Road #01-25 Singapore 119082,,,,same_building_unit_mismatch_needs_review,Foodpanda page is One@KentRidge/NUH area but unit differs from target hint #01-29
T018,Hugabo,Nanyang Seafood Soup,Nanyang Seafood Soup,13.5,starting_price,Hugabo Signature Seafood Soup,foodpanda_web_index_snapshot,https://www.foodpanda.sg/restaurant/u4cp/hugabo-nuh-medical-centre,,2026-08-03,1 Lower Kent Ridge Road #01-25 Singapore 119082,,,,same_building_unit_mismatch_needs_review,Foodpanda page is One@KentRidge/NUH area but unit differs from target hint #01-29
T018,Hugabo,Signature Seafood Soup,Signature Seafood Soup,13.5,starting_price,Hugabo Signature Seafood Soup,foodpanda_web_index_snapshot,https://www.foodpanda.sg/restaurant/u4cp/hugabo-nuh-medical-centre,,2026-08-03,1 Lower Kent Ridge Road #01-25 Singapore 119082,,,,same_building_unit_mismatch_needs_review,Foodpanda page is One@KentRidge/NUH area but unit differs from target hint #01-29
T018,Hugabo,Batang Fish Soup,Batang Fish Soup,9.5,starting_price,Hugabo Signature Fresh Fish Broth,foodpanda_web_index_snapshot,https://www.foodpanda.sg/restaurant/u4cp/hugabo-nuh-medical-centre,,2026-08-03,1 Lower Kent Ridge Road #01-25 Singapore 119082,,,,same_building_unit_mismatch_needs_review,Foodpanda page is One@KentRidge/NUH area but unit differs from target hint #01-29
T018,Hugabo,Toman Fish Soup,Toman Fish Soup,9.4,starting_price,Hugabo Signature Fresh Fish Broth,foodpanda_web_index_snapshot,https://www.foodpanda.sg/restaurant/u4cp/hugabo-nuh-medical-centre,,2026-08-03,1 Lower Kent Ridge Road #01-25 Singapore 119082,,,,same_building_unit_mismatch_needs_review,Foodpanda page is One@KentRidge/NUH area but unit differs from target hint #01-29
T018,Hugabo,Mala Soup with Beef,Mala Soup with Beef,10.8,starting_price,Feisty Szechuan Mala,foodpanda_web_index_snapshot,https://www.foodpanda.sg/restaurant/u4cp/hugabo-nuh-medical-centre,,2026-08-03,1 Lower Kent Ridge Road #01-25 Singapore 119082,,,,same_building_unit_mismatch_needs_review,Foodpanda page is One@KentRidge/NUH area but unit differs from target hint #01-29
T018,Hugabo,Mala Soup with Seafood,Mala Soup with Seafood,11.5,starting_price,Feisty Szechuan Mala,foodpanda_web_index_snapshot,https://www.foodpanda.sg/restaurant/u4cp/hugabo-nuh-medical-centre,,2026-08-03,1 Lower Kent Ridge Road #01-25 Singapore 119082,,,,same_building_unit_mismatch_needs_review,Foodpanda page is One@KentRidge/NUH area but unit differs from target hint #01-29
T018,Hugabo,Mala Soup with Chicken,Mala Soup with Chicken,9.5,starting_price,Feisty Szechuan Mala,foodpanda_web_index_snapshot,https://www.foodpanda.sg/restaurant/u4cp/hugabo-nuh-medical-centre,,2026-08-03,1 Lower Kent Ridge Road #01-25 Singapore 119082,,,,same_building_unit_mismatch_needs_review,Foodpanda page is One@KentRidge/NUH area but unit differs from target hint #01-29
T018,Hugabo,Sauerkraut Fish Soup,Sauerkraut Fish Soup,9.4,starting_price,Szechuan Classics,foodpanda_web_index_snapshot,https://www.foodpanda.sg/restaurant/u4cp/hugabo-nuh-medical-centre,,2026-08-03,1 Lower Kent Ridge Road #01-25 Singapore 119082,,,,same_building_unit_mismatch_needs_review,Foodpanda page is One@KentRidge/NUH area but unit differs from target hint #01-29
T018,Hugabo,Sauerkraut Beef Soup,Sauerkraut Beef Soup,10.8,starting_price,Szechuan Classics,foodpanda_web_index_snapshot,https://www.foodpanda.sg/restaurant/u4cp/hugabo-nuh-medical-centre,,2026-08-03,1 Lower Kent Ridge Road #01-25 Singapore 119082,,,,same_building_unit_mismatch_needs_review,Foodpanda page is One@KentRidge/NUH area but unit differs from target hint #01-29
T018,Hugabo,Tomato Soup with Beef N Beefballs,Tomato Soup with Beef N Beefballs,12.2,starting_price,Farmer Tangy Tomato Soup,foodpanda_web_index_snapshot,https://www.foodpanda.sg/restaurant/u4cp/hugabo-nuh-medical-centre,,2026-08-03,1 Lower Kent Ridge Road #01-25 Singapore 119082,,,,same_building_unit_mismatch_needs_review,Foodpanda page is One@KentRidge/NUH area but unit differs from target hint #01-29
T018,Hugabo,Tomato Soup with Seafood,Tomato Soup with Seafood,11.5,starting_price,Farmer Tangy Tomato Soup,foodpanda_web_index_snapshot,https://www.foodpanda.sg/restaurant/u4cp/hugabo-nuh-medical-centre,,2026-08-03,1 Lower Kent Ridge Road #01-25 Singapore 119082,,,,same_building_unit_mismatch_needs_review,Foodpanda page is One@KentRidge/NUH area but unit differs from target hint #01-29
T018,Hugabo,Tom Yum Soup with Chicken,Tom Yum Soup with Chicken,9.5,starting_price,Authentic Sweet & Sour Tom Yum,foodpanda_web_index_snapshot,https://www.foodpanda.sg/restaurant/u4cp/hugabo-nuh-medical-centre,,2026-08-03,1 Lower Kent Ridge Road #01-25 Singapore 119082,,,,same_building_unit_mismatch_needs_review,Foodpanda page is One@KentRidge/NUH area but unit differs from target hint #01-29
T018,Hugabo,Superior Soup with Beef,Superior Soup with Beef,10.8,starting_price,Nourishing Superior Chicken Broth,foodpanda_web_index_snapshot,https://www.foodpanda.sg/restaurant/u4cp/hugabo-nuh-medical-centre,,2026-08-03,1 Lower Kent Ridge Road #01-25 Singapore 119082,,,,same_building_unit_mismatch_needs_review,Foodpanda page is One@KentRidge/NUH area but unit differs from target hint #01-29
T018,Hugabo,Superior Soup with Beef N Beefballs,Superior Soup with Beef N Beefballs,12.2,starting_price,Nourishing Superior Chicken Broth,foodpanda_web_index_snapshot,https://www.foodpanda.sg/restaurant/u4cp/hugabo-nuh-medical-centre,,2026-08-03,1 Lower Kent Ridge Road #01-25 Singapore 119082,,,,same_building_unit_mismatch_needs_review,Foodpanda page is One@KentRidge/NUH area but unit differs from target hint #01-29
T018,Hugabo,Broccoli with Roasted Sesame,Broccoli with Roasted Sesame,2.4,fixed,Side Dish,foodpanda_web_index_snapshot,https://www.foodpanda.sg/restaurant/u4cp/hugabo-nuh-medical-centre,,2026-08-03,1 Lower Kent Ridge Road #01-25 Singapore 119082,,,,same_building_unit_mismatch_needs_review,Foodpanda page is One@KentRidge/NUH area but unit differs from target hint #01-29
T047,Mei Heong Yuen Dessert,Glutinous Rice Ball,Glutinous Rice Ball,5,starting_price,Special Dessert,foodpanda_web_index_snapshot,https://www.foodpanda.sg/restaurant/g2me/mei-heong-yuen-dessert-clementi-mall,,2026-08-03,3155 Commonwealth Ave West #04-19 The Clementi Mall Singapore 129588,,,,target_branch_match,Extracted from Foodpanda search-indexed public menu text
T047,Mei Heong Yuen Dessert,Dried Beancurd with Gingko and Barley,Dried Beancurd with Gingko and Barley,5.6,fixed,Special Dessert,foodpanda_web_index_snapshot,https://www.foodpanda.sg/restaurant/g2me/mei-heong-yuen-dessert-clementi-mall,,2026-08-03,3155 Commonwealth Ave West #04-19 The Clementi Mall Singapore 129588,,,,target_branch_match,Extracted from Foodpanda search-indexed public menu text
T047,Mei Heong Yuen Dessert,Yam Paste,Yam Paste,5,fixed,Special Dessert,foodpanda_web_index_snapshot,https://www.foodpanda.sg/restaurant/g2me/mei-heong-yuen-dessert-clementi-mall,,2026-08-03,3155 Commonwealth Ave West #04-19 The Clementi Mall Singapore 129588,,,,target_branch_match,Extracted from Foodpanda search-indexed public menu text
T047,Mei Heong Yuen Dessert,Mango Pudding,Mango Pudding,4.8,fixed,Special Dessert,foodpanda_web_index_snapshot,https://www.foodpanda.sg/restaurant/g2me/mei-heong-yuen-dessert-clementi-mall,,2026-08-03,3155 Commonwealth Ave West #04-19 The Clementi Mall Singapore 129588,,,,target_branch_match,Extracted from Foodpanda search-indexed public menu text
T047,Mei Heong Yuen Dessert,Egg Pudding,Egg Pudding,4.8,fixed,Special Dessert,foodpanda_web_index_snapshot,https://www.foodpanda.sg/restaurant/g2me/mei-heong-yuen-dessert-clementi-mall,,2026-08-03,3155 Commonwealth Ave West #04-19 The Clementi Mall Singapore 129588,,,,target_branch_match,Extracted from Foodpanda search-indexed public menu text
T047,Mei Heong Yuen Dessert,Milk Pudding,Milk Pudding,5.5,fixed,Special Dessert,foodpanda_web_index_snapshot,https://www.foodpanda.sg/restaurant/g2me/mei-heong-yuen-dessert-clementi-mall,,2026-08-03,3155 Commonwealth Ave West #04-19 The Clementi Mall Singapore 129588,,,,target_branch_match,Extracted from Foodpanda search-indexed public menu text
T047,Mei Heong Yuen Dessert,Almond with Egg White,Almond with Egg White,7,fixed,Special Dessert,foodpanda_web_index_snapshot,https://www.foodpanda.sg/restaurant/g2me/mei-heong-yuen-dessert-clementi-mall,,2026-08-03,3155 Commonwealth Ave West #04-19 The Clementi Mall Singapore 129588,,,,target_branch_match,Extracted from Foodpanda search-indexed public menu text
T047,Mei Heong Yuen Dessert,Red Bean Lotus,Red Bean Lotus,4.8,fixed,Special Dessert,foodpanda_web_index_snapshot,https://www.foodpanda.sg/restaurant/g2me/mei-heong-yuen-dessert-clementi-mall,,2026-08-03,3155 Commonwealth Ave West #04-19 The Clementi Mall Singapore 129588,,,,target_branch_match,Extracted from Foodpanda search-indexed public menu text
T047,Mei Heong Yuen Dessert,Cheng Tng,Cheng Tng,4.8,fixed,Special Dessert,foodpanda_web_index_snapshot,https://www.foodpanda.sg/restaurant/g2me/mei-heong-yuen-dessert-clementi-mall,,2026-08-03,3155 Commonwealth Ave West #04-19 The Clementi Mall Singapore 129588,,,,target_branch_match,Extracted from Foodpanda search-indexed public menu text
T047,Mei Heong Yuen Dessert,Almond Black Glutinous Rice,Almond Black Glutinous Rice,5.3,fixed,Special Dessert,foodpanda_web_index_snapshot,https://www.foodpanda.sg/restaurant/g2me/mei-heong-yuen-dessert-clementi-mall,,2026-08-03,3155 Commonwealth Ave West #04-19 The Clementi Mall Singapore 129588,,,,target_branch_match,Extracted from Foodpanda search-indexed public menu text
T047,Mei Heong Yuen Dessert,Black Glutinous Rice,Black Glutinous Rice,4.3,fixed,Special Dessert,foodpanda_web_index_snapshot,https://www.foodpanda.sg/restaurant/g2me/mei-heong-yuen-dessert-clementi-mall,,2026-08-03,3155 Commonwealth Ave West #04-19 The Clementi Mall Singapore 129588,,,,target_branch_match,Extracted from Foodpanda search-indexed public menu text
T047,Mei Heong Yuen Dessert,Longan Peach Gum,Longan Peach Gum,6.5,fixed,Special Dessert,foodpanda_web_index_snapshot,https://www.foodpanda.sg/restaurant/g2me/mei-heong-yuen-dessert-clementi-mall,,2026-08-03,3155 Commonwealth Ave West #04-19 The Clementi Mall Singapore 129588,,,,target_branch_match,Extracted from Foodpanda search-indexed public menu text
T047,Mei Heong Yuen Dessert,Glutinous Rice,Glutinous Rice,4.7,fixed,Cakes and Dumplings,foodpanda_web_index_snapshot,https://www.foodpanda.sg/restaurant/g2me/mei-heong-yuen-dessert-clementi-mall,,2026-08-03,3155 Commonwealth Ave West #04-19 The Clementi Mall Singapore 129588,,,,target_branch_match,Extracted from Foodpanda search-indexed public menu text
T047,Mei Heong Yuen Dessert,Yam Cakes,Yam Cakes,4.7,fixed,Cakes and Dumplings,foodpanda_web_index_snapshot,https://www.foodpanda.sg/restaurant/g2me/mei-heong-yuen-dessert-clementi-mall,,2026-08-03,3155 Commonwealth Ave West #04-19 The Clementi Mall Singapore 129588,,,,target_branch_match,Extracted from Foodpanda search-indexed public menu text
T047,Mei Heong Yuen Dessert,Carrot Cakes,Carrot Cakes,4.7,fixed,Cakes and Dumplings,foodpanda_web_index_snapshot,https://www.foodpanda.sg/restaurant/g2me/mei-heong-yuen-dessert-clementi-mall,,2026-08-03,3155 Commonwealth Ave West #04-19 The Clementi Mall Singapore 129588,,,,target_branch_match,Extracted from Foodpanda search-indexed public menu text
T047,Mei Heong Yuen Dessert,Pumpkin Cakes,Pumpkin Cakes,4.7,fixed,Cakes and Dumplings,foodpanda_web_index_snapshot,https://www.foodpanda.sg/restaurant/g2me/mei-heong-yuen-dessert-clementi-mall,,2026-08-03,3155 Commonwealth Ave West #04-19 The Clementi Mall Singapore 129588,,,,target_branch_match,Extracted from Foodpanda search-indexed public menu text
T047,Mei Heong Yuen Dessert,3 Colour Cakes,3 Colour Cakes,4.7,fixed,Cakes and Dumplings,foodpanda_web_index_snapshot,https://www.foodpanda.sg/restaurant/g2me/mei-heong-yuen-dessert-clementi-mall,,2026-08-03,3155 Commonwealth Ave West #04-19 The Clementi Mall Singapore 129588,,,,target_branch_match,Extracted from Foodpanda search-indexed public menu text
T047,Mei Heong Yuen Dessert,Chee Cheong Fun,Chee Cheong Fun,4.1,fixed,Cakes and Dumplings,foodpanda_web_index_snapshot,https://www.foodpanda.sg/restaurant/g2me/mei-heong-yuen-dessert-clementi-mall,,2026-08-03,3155 Commonwealth Ave West #04-19 The Clementi Mall Singapore 129588,,,,target_branch_match,Extracted from Foodpanda search-indexed public menu text
T047,Mei Heong Yuen Dessert,Water Chestnut Cakes,Water Chestnut Cakes,4.7,fixed,Cakes and Dumplings,foodpanda_web_index_snapshot,https://www.foodpanda.sg/restaurant/g2me/mei-heong-yuen-dessert-clementi-mall,,2026-08-03,3155 Commonwealth Ave West #04-19 The Clementi Mall Singapore 129588,,,,target_branch_match,Extracted from Foodpanda search-indexed public menu text
T047,Mei Heong Yuen Dessert,Coconut Pudding,Coconut Pudding,4.7,fixed,Cakes and Dumplings,foodpanda_web_index_snapshot,https://www.foodpanda.sg/restaurant/g2me/mei-heong-yuen-dessert-clementi-mall,,2026-08-03,3155 Commonwealth Ave West #04-19 The Clementi Mall Singapore 129588,,,,target_branch_match,Extracted from Foodpanda search-indexed public menu text
T047,Mei Heong Yuen Dessert,Mango Roll,Mango Roll,5.8,fixed,Cakes and Dumplings,foodpanda_web_index_snapshot,https://www.foodpanda.sg/restaurant/g2me/mei-heong-yuen-dessert-clementi-mall,,2026-08-03,3155 Commonwealth Ave West #04-19 The Clementi Mall Singapore 129588,,,,target_branch_match,Extracted from Foodpanda search-indexed public menu text
T047,Mei Heong Yuen Dessert,Almond Paste,Almond Paste,4.8,starting_price,Healthy Paste,foodpanda_web_index_snapshot,https://www.foodpanda.sg/restaurant/g2me/mei-heong-yuen-dessert-clementi-mall,,2026-08-03,3155 Commonwealth Ave West #04-19 The Clementi Mall Singapore 129588,,,,target_branch_match,Extracted from Foodpanda search-indexed public menu text
T047,Mei Heong Yuen Dessert,Walnut Paste,Walnut Paste,5.3,starting_price,Healthy Paste,foodpanda_web_index_snapshot,https://www.foodpanda.sg/restaurant/g2me/mei-heong-yuen-dessert-clementi-mall,,2026-08-03,3155 Commonwealth Ave West #04-19 The Clementi Mall Singapore 129588,,,,target_branch_match,Extracted from Foodpanda search-indexed public menu text
T047,Mei Heong Yuen Dessert,Sesame Paste,Sesame Paste,4.8,starting_price,Healthy Paste,foodpanda_web_index_snapshot,https://www.foodpanda.sg/restaurant/g2me/mei-heong-yuen-dessert-clementi-mall,,2026-08-03,3155 Commonwealth Ave West #04-19 The Clementi Mall Singapore 129588,,,,target_branch_match,Extracted from Foodpanda search-indexed public menu text
T047,Mei Heong Yuen Dessert,Peanut Paste,Peanut Paste,4.8,starting_price,Healthy Paste,foodpanda_web_index_snapshot,https://www.foodpanda.sg/restaurant/g2me/mei-heong-yuen-dessert-clementi-mall,,2026-08-03,3155 Commonwealth Ave West #04-19 The Clementi Mall Singapore 129588,,,,target_branch_match,Extracted from Foodpanda search-indexed public menu text
T047,Mei Heong Yuen Dessert,Mango Snow Ice,Mango Snow Ice,9,fixed,Snow Ice,foodpanda_web_index_snapshot,https://www.foodpanda.sg/restaurant/g2me/mei-heong-yuen-dessert-clementi-mall,,2026-08-03,3155 Commonwealth Ave West #04-19 The Clementi Mall Singapore 129588,,,,target_branch_match,Extracted from Foodpanda search-indexed public menu text
T047,Mei Heong Yuen Dessert,Durian Snow Ice,Durian Snow Ice,9,fixed,Snow Ice,foodpanda_web_index_snapshot,https://www.foodpanda.sg/restaurant/g2me/mei-heong-yuen-dessert-clementi-mall,,2026-08-03,3155 Commonwealth Ave West #04-19 The Clementi Mall Singapore 129588,,,,target_branch_match,Extracted from Foodpanda search-indexed public menu text
T047,Mei Heong Yuen Dessert,Chocolate Snow Ice,Chocolate Snow Ice,9,fixed,Snow Ice,foodpanda_web_index_snapshot,https://www.foodpanda.sg/restaurant/g2me/mei-heong-yuen-dessert-clementi-mall,,2026-08-03,3155 Commonwealth Ave West #04-19 The Clementi Mall Singapore 129588,,,,target_branch_match,Extracted from Foodpanda search-indexed public menu text
T047,Mei Heong Yuen Dessert,Green Tea Snow Ice,Green Tea Snow Ice,9,fixed,Snow Ice,foodpanda_web_index_snapshot,https://www.foodpanda.sg/restaurant/g2me/mei-heong-yuen-dessert-clementi-mall,,2026-08-03,3155 Commonwealth Ave West #04-19 The Clementi Mall Singapore 129588,,,,target_branch_match,Extracted from Foodpanda search-indexed public menu text
T047,Mei Heong Yuen Dessert,Soursop Snow Ice,Soursop Snow Ice,9,fixed,Snow Ice,foodpanda_web_index_snapshot,https://www.foodpanda.sg/restaurant/g2me/mei-heong-yuen-dessert-clementi-mall,,2026-08-03,3155 Commonwealth Ave West #04-19 The Clementi Mall Singapore 129588,,,,target_branch_match,Extracted from Foodpanda search-indexed public menu text
T047,Mei Heong Yuen Dessert,Sesame Snow Ice,Sesame Snow Ice,9,fixed,Snow Ice,foodpanda_web_index_snapshot,https://www.foodpanda.sg/restaurant/g2me/mei-heong-yuen-dessert-clementi-mall,,2026-08-03,3155 Commonwealth Ave West #04-19 The Clementi Mall Singapore 129588,,,,target_branch_match,Extracted from Foodpanda search-indexed public menu text
T047,Mei Heong Yuen Dessert,Almond Snow Ice,Almond Snow Ice,9,fixed,Snow Ice,foodpanda_web_index_snapshot,https://www.foodpanda.sg/restaurant/g2me/mei-heong-yuen-dessert-clementi-mall,,2026-08-03,3155 Commonwealth Ave West #04-19 The Clementi Mall Singapore 129588,,,,target_branch_match,Extracted from Foodpanda search-indexed public menu text
T047,Mei Heong Yuen Dessert,Strawberry Snow Ice,Strawberry Snow Ice,9,fixed,Snow Ice,foodpanda_web_index_snapshot,https://www.foodpanda.sg/restaurant/g2me/mei-heong-yuen-dessert-clementi-mall,,2026-08-03,3155 Commonwealth Ave West #04-19 The Clementi Mall Singapore 129588,,,,target_branch_match,Extracted from Foodpanda search-indexed public menu text
T047,Mei Heong Yuen Dessert,Mocha Snow Ice,Mocha Snow Ice,9,fixed,Snow Ice,foodpanda_web_index_snapshot,https://www.foodpanda.sg/restaurant/g2me/mei-heong-yuen-dessert-clementi-mall,,2026-08-03,3155 Commonwealth Ave West #04-19 The Clementi Mall Singapore 129588,,,,target_branch_match,Extracted from Foodpanda search-indexed public menu text
T047,Mei Heong Yuen Dessert,Peanut Snow Ice,Peanut Snow Ice,9,fixed,Snow Ice,foodpanda_web_index_snapshot,https://www.foodpanda.sg/restaurant/g2me/mei-heong-yuen-dessert-clementi-mall,,2026-08-03,3155 Commonwealth Ave West #04-19 The Clementi Mall Singapore 129588,,,,target_branch_match,Extracted from Foodpanda search-indexed public menu text
T047,Mei Heong Yuen Dessert,Lime Snow Ice,Lime Snow Ice,9,fixed,Snow Ice,foodpanda_web_index_snapshot,https://www.foodpanda.sg/restaurant/g2me/mei-heong-yuen-dessert-clementi-mall,,2026-08-03,3155 Commonwealth Ave West #04-19 The Clementi Mall Singapore 129588,,,,target_branch_match,Extracted from Foodpanda search-indexed public menu text
T047,Mei Heong Yuen Dessert,Lychee Snow Ice,Lychee Snow Ice,9,fixed,Snow Ice,foodpanda_web_index_snapshot,https://www.foodpanda.sg/restaurant/g2me/mei-heong-yuen-dessert-clementi-mall,,2026-08-03,3155 Commonwealth Ave West #04-19 The Clementi Mall Singapore 129588,,,,target_branch_match,Extracted from Foodpanda search-indexed public menu text
T047,Mei Heong Yuen Dessert,Watermelon and Lychee Snow Ice,Watermelon and Lychee Snow Ice,10,fixed,Snow Ice,foodpanda_web_index_snapshot,https://www.foodpanda.sg/restaurant/g2me/mei-heong-yuen-dessert-clementi-mall,,2026-08-03,3155 Commonwealth Ave West #04-19 The Clementi Mall Singapore 129588,,,,target_branch_match,Extracted from Foodpanda search-indexed public menu text
T047,Mei Heong Yuen Dessert,Almond and Sesame Snow Ice,Almond and Sesame Snow Ice,10,fixed,Snow Ice,foodpanda_web_index_snapshot,https://www.foodpanda.sg/restaurant/g2me/mei-heong-yuen-dessert-clementi-mall,,2026-08-03,3155 Commonwealth Ave West #04-19 The Clementi Mall Singapore 129588,,,,target_branch_match,Extracted from Foodpanda search-indexed public menu text
T047,Mei Heong Yuen Dessert,Chendol Snow Ice,Chendol Snow Ice,10,fixed,Snow Ice,foodpanda_web_index_snapshot,https://www.foodpanda.sg/restaurant/g2me/mei-heong-yuen-dessert-clementi-mall,,2026-08-03,3155 Commonwealth Ave West #04-19 The Clementi Mall Singapore 129588,,,,target_branch_match,Extracted from Foodpanda search-indexed public menu text
T047,Mei Heong Yuen Dessert,Banana Choc Snow Ice,Banana Choc Snow Ice,10,fixed,Snow Ice,foodpanda_web_index_snapshot,https://www.foodpanda.sg/restaurant/g2me/mei-heong-yuen-dessert-clementi-mall,,2026-08-03,3155 Commonwealth Ave West #04-19 The Clementi Mall Singapore 129588,,,,target_branch_match,Extracted from Foodpanda search-indexed public menu text
T047,Mei Heong Yuen Dessert,Mango and Strawberry Snow Ice,Mango and Strawberry Snow Ice,10,fixed,Snow Ice,foodpanda_web_index_snapshot,https://www.foodpanda.sg/restaurant/g2me/mei-heong-yuen-dessert-clementi-mall,,2026-08-03,3155 Commonwealth Ave West #04-19 The Clementi Mall Singapore 129588,,,,target_branch_match,Extracted from Foodpanda search-indexed public menu text
T047,Mei Heong Yuen Dessert,Green Mango Snow Ice,Green Mango Snow Ice,9,fixed,Snow Ice,foodpanda_web_index_snapshot,https://www.foodpanda.sg/restaurant/g2me/mei-heong-yuen-dessert-clementi-mall,,2026-08-03,3155 Commonwealth Ave West #04-19 The Clementi Mall Singapore 129588,,,,target_branch_match,Extracted from Foodpanda search-indexed public menu text
T047,Mei Heong Yuen Dessert,Milk Tea Snow Ice,Milk Tea Snow Ice,9,fixed,Snow Ice,foodpanda_web_index_snapshot,https://www.foodpanda.sg/restaurant/g2me/mei-heong-yuen-dessert-clementi-mall,,2026-08-03,3155 Commonwealth Ave West #04-19 The Clementi Mall Singapore 129588,,,,target_branch_match,Extracted from Foodpanda search-indexed public menu text
T047,Mei Heong Yuen Dessert,Sweet Corn Snow Ice,Sweet Corn Snow Ice,9,fixed,Snow Ice,foodpanda_web_index_snapshot,https://www.foodpanda.sg/restaurant/g2me/mei-heong-yuen-dessert-clementi-mall,,2026-08-03,3155 Commonwealth Ave West #04-19 The Clementi Mall Singapore 129588,,,,target_branch_match,Extracted from Foodpanda search-indexed public menu text
T047,Mei Heong Yuen Dessert,Pineapple Snow Ice,Pineapple Snow Ice,10,fixed,Snow Ice,foodpanda_web_index_snapshot,https://www.foodpanda.sg/restaurant/g2me/mei-heong-yuen-dessert-clementi-mall,,2026-08-03,3155 Commonwealth Ave West #04-19 The Clementi Mall Singapore 129588,,,,target_branch_match,Extracted from Foodpanda search-indexed public menu text
