"restaurant_id","restaurant_name","address","nea_grade","demerit_points","source_type","menu_source_url","menu_file","menu_status","notes"
"R001","FOUR SEASONS MANAGEMENT PTE. LTD.","1 AYER RAJAH AVENUE 6th STOREY - INSEAD SINGAPORE 138676","A","na","manual_or_html","","","to_find",""
"R002","FOUR SEASONS MANAGEMENT PTE. LTD.","1 AYER RAJAH AVENUE First storey INSEAD SINGAPORE 138676","A","na","manual_or_html","","","to_find",""
"R003","CHEERS HOLDINGS (2004) PTE. LTD.","1 CREATE WAY #01-01 UNIVERSITY TOWN - NUS SINGAPORE 138602","A","na","manual_or_html","","","to_find",""
"R004","SUBS UT PTE. LTD","1 CREATE WAY #01-02 UNIVERSITY TOWN - NUS SINGAPORE 138602","A","na","manual_or_html","","","to_find",""
"R005","THE ROYALS CAFE PTE. LTD.","1 CREATE WAY #01-03 UNIVERSITY TOWN NUS SINGAPORE 138602","A","na","manual_or_html","","","to_find",""
"R006","ALAN TAN HANG CHENG","1 CREATE WAY #01-04 UNIVERSITY TOWN - NUS SINGAPORE 138602","A","na","manual_or_html","","","to_find",""
"R007","CHEN BIN","1 CREATE WAY #01-04 UNIVERSITY TOWN - NUS SINGAPORE 138602","B","na","manual_or_html","","","to_find",""
"R008","CHEN JIANQING","1 CREATE WAY #01-04 UNIVERSITY TOWN - NUS SINGAPORE 138602","A","na","manual_or_html","","","to_find",""
"R009","CHEN LI","1 CREATE WAY #01-04 UNIVERSITY TOWN - NUS SINGAPORE 138602","A","na","manual_or_html","","","to_find",""
"R010","DING XIAOCONG","1 CREATE WAY #01-04 UNIVERSITY TOWN - NUS SINGAPORE 138602","A","na","manual_or_html","","","to_find",""
"R011","JIU MAO JIU HOTPOT PTE. LTD.","1 CREATE WAY #01-04 UNIVERSITY TOWN - NUS SINGAPORE 138602","A","na","manual_or_html","","","to_find",""
"R012","JIU MAO JIU HOTPOT PTE. LTD.","1 CREATE WAY #01-04 UNIVERSITY TOWN - NUS SINGAPORE 138602","A","na","manual_or_html","","","to_find",""
"R013","KOUFU PTE LTD","1 CREATE WAY #01-04 UNIVERSITY TOWN - NUS SINGAPORE 138602","A","na","manual_or_html","","","to_find",""
"R014","LIM TEIK SOON","1 CREATE WAY #01-04 UNIVERSITY TOWN - NUS SINGAPORE 138602","B","na","manual_or_html","","","to_find",""
"R015","LOW KAM WENG","1 CREATE WAY #01-04 UNIVERSITY TOWN - NUS SINGAPORE 138602","B","na","manual_or_html","","","to_find",""
"R016","MAAYAA RESTAURANT AND CATERING PTE. LTD.","1 CREATE WAY #01-04 UNIVERSITY TOWN - NUS SINGAPORE 138602","B","na","manual_or_html","","","to_find",""
"R017","WU ZHONGMIN","1 CREATE WAY #01-04 UNIVERSITY TOWN - NUS SINGAPORE 138602","A","na","manual_or_html","","","to_find",""
"R018","MEGA DEVELOPMENT & TRADING PTE LTD","1 CREATE WAY #01-06 UNIVERSITY TOWN NUS SINGAPORE 138602","A","na","manual_or_html","","","to_find",""
"R019","HAE BOK'S KOREAN RESTAURANT PTE LTD","1 CREATE WAY #01-09 UNIVERSITY TOWN - NUS SINGAPORE 138602","A","na","manual_or_html","","","to_find",""
"R020","PINES FOOD DELIGHT PTE. LTD.","1 CREATE WAY #01-12 UNIVERSITY TOWN - NUS SINGAPORE 138602","B","na","manual_or_html","","","to_find",""
"R021","HEXA INVESTMENTS PRIVATE LIMITED","1 LOWER KENT RIDGE ROAD #01-01 ONE@KENTRIDGE SINGAPORE 119082","A","na","manual_or_html","","","to_find",""
"R022","NATURAL GRAIN PTE. LTD.","1 LOWER KENT RIDGE ROAD #01-02 ONE @ KENTRIDGE SINGAPORE 119082","A","na","manual_or_html","","","to_find",""
"R023","LEE HOIE HOCK","1 LOWER KENT RIDGE ROAD #01-03 ONE@KENTRIDGE SINGAPORE 119082","A","na","manual_or_html","","","to_find",""
"R024","THE BATTER PEOPLE CO. PTE. LTD.","1 LOWER KENT RIDGE ROAD #01-04 ONE@KENTRIDGE SINGAPORE 119082","A","na","manual_or_html","","","to_find",""
"R025","MINOR FOOD GROUP (SINGAPORE) PTE. LTD.","1 LOWER KENT RIDGE ROAD #01-09 & #01-19/20 ONE @ KENTRIDGE SINGAPORE 119082","A","na","manual_or_html","","","to_find",""
"R026","WILL-WIN (PTE. LTD.)","1 LOWER KENT RIDGE ROAD #01-10 ONE@KENTRIDGE SINGAPORE 119082","A","na","manual_or_html","","","to_find",""
"R027","MSJ GOURMET GROUP PTE. LTD.","1 LOWER KENT RIDGE ROAD #01-11 ONE@KENTRIDGE SINGAPORE 119082","A","na","manual_or_html","","","to_find",""
"R028","CHEN BINGYAO","1 LOWER KENT RIDGE ROAD #01-12 ONE@KENTRIDGE SINGAPORE 119082","B","na","manual_or_html","","","to_find",""
"R029","MILLEHUB PTE. LTD.","1 LOWER KENT RIDGE ROAD #01-13 & #01-36 ONE@KENTRIDGE SINGAPORE 119082","A","na","manual_or_html","","","to_find",""
"R030","UC CONCEPT INTERNATIONAL PRIVATE LIMITED","1 LOWER KENT RIDGE ROAD #01-14 ONE@KENTRIDGE SINGAPORE 119082","A","na","manual_or_html","","","to_find",""
"R031","TAY CHIN HENG","1 LOWER KENT RIDGE ROAD #01-15 ONE@KENTRIDGE SINGAPORE 119082","A","na","manual_or_html","","","to_find",""
"R032","JUZ BREAD HOLDING PTE. LTD.","1 LOWER KENT RIDGE ROAD #01-17 ONE@KENTRIDGE SINGAPORE 119082","A","na","manual_or_html","","","to_find",""
"R033","NIWA SUSHI PTE. LTD.","1 LOWER KENT RIDGE ROAD #01-18 ONE @ KENTRIDGE SINGAPORE 119082","A","na","manual_or_html","","","to_find",""
"R034","JUZ BREAD HOLDING PTE. LTD.","1 LOWER KENT RIDGE ROAD #01-23 ONE@KENTRIDGE SINGAPORE 119082","B","na","manual_or_html","","","to_find",""
"R035","JUZ BREAD HOLDING PTE. LTD.","1 LOWER KENT RIDGE ROAD #01-24 ONE@KENTRIDGE SINGAPORE 119082","B","na","manual_or_html","","","to_find",""
"R036","CHEERS HOLDINGS (2004) PTE. LTD.","1 LOWER KENT RIDGE ROAD #01-28 ONE @ KENTRIDGE SINGAPORE 119082","A","na","manual_or_html","","","to_find",""
"R037","YOGURT KENT RIDGE PTE. LTD.","1 LOWER KENT RIDGE ROAD #01-37 ONE@KENTRIDGE SINGAPORE 119082","A","na","manual_or_html","","","to_find",""
"R038","JUZ BREAD HOLDING PTE. LTD.","1 LOWER KENT RIDGE ROAD #02-04/05/06 ONE@ KENTRIDGE SINGAPORE 119082","B","na","manual_or_html","","","to_find",""
"R039","MINOR FOOD GROUP (SINGAPORE) PTE. LTD.","1 LOWER KENT RIDGE ROAD #02-10 ONE@KENTRIDGE SINGAPORE 119082","A","na","manual_or_html","","","to_find",""
"R040","MINOR FOOD GROUP (SINGAPORE) PTE. LTD.","1 LOWER KENT RIDGE ROAD #02-11/12 ONE@KENTRIDGE SINGAPORE 119082","A","na","manual_or_html","","","to_find",""
"R041","COLD STORAGE SINGAPORE (1983) PTE LTD","1 LOWER KENT RIDGE ROAD #03-05/06 ONE@KENTRIDGE SINGAPORE 119082","A","na","manual_or_html","","","to_find",""
"R042","BURGER KING SINGAPORE PTE. LTD.","1 LOWER KENT RIDGE ROAD #03-11 SINGAPORE 119082","A","na","manual_or_html","","","to_find",""
"R043","STARBUCKS COFFEE SINGAPORE PTE. LTD.","1 LOWER KENT RIDGE ROAD #03-12 ONE@KENT RIDGE SINGAPORE 119082","A","na","manual_or_html","","","to_find",""
"R044","DELIFRANCE SINGAPORE PTE LTD?","1 LOWER KENT RIDGE ROAD #04-11/12 ONE@KENTRIDGE SINGAPORE 119082","A","na","manual_or_html","","","to_find",""
"R045","ONION RESTAURANT & BAR PTE. LTD.","1 LOWER KENT RIDGE ROAD #04-18/19 ONE @ KENTRIDGE SINGAPORE 119082","A","na","manual_or_html","","","to_find",""
"R046","COPITIAM PTE. LTD.","1 LOWER KENT RIDGE ROAD #05-01 ONE@KENTRIDGE SINGAPORE 119082","A","na","manual_or_html","","","to_find",""
"R047","GIAM GEK HWEE","1 LOWER KENT RIDGE ROAD #05-01 ONE@KENTRIDGE SINGAPORE 119082","A","na","manual_or_html","","","to_find",""
"R048","GOH SOH CHENG","1 LOWER KENT RIDGE ROAD #05-01 ONE@KENTRIDGE SINGAPORE 119082","A","na","manual_or_html","","","to_find",""
"R049","HEAVEN'S HERITAGE LLP","1 LOWER KENT RIDGE ROAD #05-01 ONE@KENTRIDGE SINGAPORE 119082","A","na","manual_or_html","","","to_find",""
"R050","MORIN","1 LOWER KENT RIDGE ROAD #05-01 ONE@KENTRIDGE SINGAPORE 119082","A","na","manual_or_html","","","to_find",""
"R051","SUDHEER S/O MOHAMED YOUSOFF","1 LOWER KENT RIDGE ROAD #05-01 ONE@KENTRIDGE SINGAPORE 119082","A","na","manual_or_html","","","to_find",""
"R052","TIONG SIEW YUE","1 LOWER KENT RIDGE ROAD #05-01 ONE@KENTRIDGE SINGAPORE 119082","A","na","manual_or_html","","","to_find",""
"R053","YAA SIIN FAMILY PTE. LTD.","1 LOWER KENT RIDGE ROAD #05-01 ONE@KENTRIDGE SINGAPORE 119082","A","na","manual_or_html","","","to_find",""
"R054","ZHENG RONGSHENG","1 LOWER KENT RIDGE ROAD #05-01 ONE@KENTRIDGE SINGAPORE 119082","A","na","manual_or_html","","","to_find",""
"R055","ZHENG RONGSHENG","1 LOWER KENT RIDGE ROAD #05-01 ONE@KENTRIDGE SINGAPORE 119082","B","na","manual_or_html","","","to_find",""
"R056","ZHENG RONGSHENG","1 LOWER KENT RIDGE ROAD #05-01 ONE@KENTRIDGE SINGAPORE 119082","A","na","manual_or_html","","","to_find",""
"R057","ZHENG RONGSHENG","1 LOWER KENT RIDGE ROAD #05-01 ONE@KENTRIDGE SINGAPORE 119082","A","na","manual_or_html","","","to_find",""
"R058","IFOOD PTE LTD","1 NORTH BUONA VISTA DRIVE #01-K1 MOE HQ BUILDING SINGAPORE 138675","A","na","manual_or_html","","","to_find",""
"R059","AISHAN BINTI MUSTAFFA","1 NORTH BUONA VISTA DRIVE #02-01 MOE BUILDING SINGAPORE 138675","B","na","manual_or_html","","","to_find",""
"R060","CHONG KIN MEOI","1 NORTH BUONA VISTA DRIVE #02-01 MOE BUILDING SINGAPORE 138675","A","na","manual_or_html","","","to_find",""
"R061","LEE YOKE WAH","1 NORTH BUONA VISTA DRIVE #02-01 MOE BUILDING SINGAPORE 138675","A","na","manual_or_html","","","to_find",""
"R062","NG KIM KOON","1 SCIENCE PARK DRIVE #B1-41D TUV PSB BUILDING SINGAPORE 118221","A","na","manual_or_html","","","to_find",""
"R063","ASHOKA TANDOOR PTE. LTD.","1 SCIENCE PARK ROAD #01-11 THE CAPRICORN SINGAPORE SCIENCE PARK II SINGAPORE 117528","B","na","manual_or_html","","","to_find",""
"R064","HO CHANG HOONG","10 KENT RIDGE CRESCENT BLOCK E2 FACULTY OF ENGINEERING NUS SINGAPORE 119260","A","na","manual_or_html","","","to_find",""
"R065","MCDONALD'S RESTAURANTS PTE. LTD.","10 KENT RIDGE CRESCENT NATIONAL UNIVERSITY OF SINGAPORE SINGAPORE 119260","A","na","manual_or_html","","","to_find",""
"R066","TAN SIEW HOON","10 KENT RIDGE CRESCENT NUS - ENGINEERING FACULTY BLOCK E4 SINGAPORE 119260","A","na","manual_or_html","","","to_find",""
"R067","TAN SIEW HOON","10 KENT RIDGE CRESCENT NUS FACULTY OF SCIENCE BLOCK S16 SINGAPORE 119260","A","na","manual_or_html","","","to_find",""
"R068","2 IC CATERING PRIVATE LIMITED","10 KENT RIDGE DRIVE EUSOFF HALL NUS SINGAPORE 119242","A","na","manual_or_html","","","to_find",""
"R069","STARBUCKS COFFEE SINGAPORE PTE. LTD.","10 MEDICAL DRIVE #01-40 YONG LOO LIN SCHOOL OF MEDICINE BLK MD11 NUS SINGAPORE 117597","A","na","manual_or_html","","","to_find",""
"R070","REEDZ PTE. LTD.","10 SCIENCE PARK ROAD #01-10 THE ALPHA SINGAPORE 117684","A","na","manual_or_html","","","to_find",""
"R071","BAY SIEU LIN","10 SCIENCE PARK ROAD #02-29 THE ALPA SINGAPORE SCIENCE PARK 11 SINGAPORE 117684","A","na","manual_or_html","","","to_find",""
"R072","WEE TIONG POH","10 WEST COAST WALK CLEMENTI STADIUM SINGAPORE 127156","B","na","manual_or_html","","","to_find",""
"R073","CHEERS HOLDINGS (2004) PTE. LTD.","100 NORTH BUONA VISTA ROAD #01-01 BUONA VISTA MRT STATION SINGAPORE 139345","A","na","manual_or_html","","","to_find",""
"R074","KOI CAFE GROUP (S) PTE. LTD.","100 NORTH BUONA VISTA ROAD #01-02/03 BUONA VISTA MRT STATION SINGAPORE 139345","A","na","manual_or_html","","","to_find",""
"R075","TAN BEE BEE","100 NORTH BUONA VISTA ROAD #01-04 & #01-06 BUONA VISTA MRT STATION SINGAPORE 139345","B","6","manual_or_html","","","to_find",""
"R076","TAN BEE BEE","100 NORTH BUONA VISTA ROAD #01-05/07 BUONA VISTA MRT STATION SINGAPORE 139345","B","na","manual_or_html","","","to_find",""
"R077","TEN & HAN TRADING PTE LTD","100 NORTH BUONA VISTA ROAD #01-08 BUONA VISTA MRT STATION SINGAPORE 139345","A","na","manual_or_html","","","to_find",""
"R078","UNCLE HO PTE. LTD","100 PASIR PANJANG ROAD #01-04 (100 PASIR PANJANG) SINGAPORE 118518","A","na","manual_or_html","","","to_find",""
"R079","FONG SENG FAST FOOD PTE LTD","101 PASIR PANJANG ROAD SINGAPORE 118527","B","na","manual_or_html","","","to_find",""
"R080","TAN CHOON HUAT","103 PASIR PANJANG ROAD SINGAPORE 118531","A","na","manual_or_html","","","to_find",""
"R081","WU WEN SUN","105 CLEMENTI STREET 12 #01-16 SINGAPORE 120105","A","na","manual_or_html","","","to_find",""
"R082","CHIN HUAT LIVE SEAFOOD PTE LTD","105 CLEMENTI STREET 12 #01-30 SINGAPORE 120105","A","na","manual_or_html","","","to_find",""
"R083","CHIN SIOW PENG","106 CLEMENTI STREET 12 #01-40/42 SINGAPORE 120106","A","na","manual_or_html","","","to_find",""
"R084","NG BEE LANG","106 CLEMENTI STREET 12 #01-44 SINGAPORE 120106","A","na","manual_or_html","","","to_find",""
"R085","HAPPY MOOKATA 2 PTE. LTD.","106 CLEMENTI STREET 12 #01-46 SINGAPORE 120106","A","na","manual_or_html","","","to_find",""
"R086","THE ROYAL MAIL PTE. LTD.","106 CLEMENTI STREET 12 #01-50 SINGAPORE 120106","A","na","manual_or_html","","","to_find",""
"R087","BUTTERCAKENCREAM LIMITED LIABILITY PARTNERSHIP","106 CLEMENTI STREET 12 #01-52 SINGAPORE 120106","A","na","manual_or_html","","","to_find",""
"R088","THE CATCH SEAFOOD RESTAURANT & BAR PTE. LTD.","106 CLEMENTI STREET 12 #01-54 SINGAPORE 120106","A","na","manual_or_html","","","to_find",""
"R089","CHAN PEIYI, TIFFANY JOY","106 CLEMENTI STREET 12 #01-62 SINGAPORE 120106","A","na","manual_or_html","","","to_find",""
"R090","H.I.M. HOLDINGS PTE LTD","106 CLEMENTI STREET 12 #01-64 SINGAPORE 120106","A","na","manual_or_html","","","to_find",""
"R091","CHANG CHENG FOOD PARADISE PTE. LTD.","107 CLEMENTI STREET 12 #01-K1 SINGAPORE 120107","B","na","manual_or_html","","","to_find",""
"R092","CU MR FOOD STATION PTE. LTD.","107 CLEMENTI STREET 12 #01-K1 SINGAPORE 120107","B","na","manual_or_html","","","to_find",""
"R093","CU MR FOOD STATION PTE. LTD.","107 CLEMENTI STREET 12 #01-K1 SINGAPORE 120107","B","na","manual_or_html","","","to_find",""
"R094","CU MR FOOD STATION PTE. LTD.","107 CLEMENTI STREET 12 #01-K1 SINGAPORE 120107","B","4","manual_or_html","","","to_find",""
"R095","CU MR FOOD STATION PTE. LTD.","107 CLEMENTI STREET 12 #01-K1 SINGAPORE 120107","B","na","manual_or_html","","","to_find",""
"R096","HAW GICK HAI","107 CLEMENTI STREET 12 #01-K1 SINGAPORE 120107","A","na","manual_or_html","","","to_find",""
"R097","LAI KEE FOODSTUFF PTE. LTD.","107 CLEMENTI STREET 12 #01-K1 SINGAPORE 120107","B","4","manual_or_html","","","to_find",""
"R098","PONGPHUN PHANITRAM","107 CLEMENTI STREET 12 #01-K1 SINGAPORE 120107","B","na","manual_or_html","","","to_find",""
"R099","SEAFOOD PARK PTE. LTD.","107 CLEMENTI STREET 12 #01-K1 SINGAPORE 120107","B","4","manual_or_html","","","to_find",""
"R100","SEAFOOD PARK PTE. LTD.","107 CLEMENTI STREET 12 #01-K1 SINGAPORE 120107","B","0","manual_or_html","","","to_find",""
"R101","TAN BEE SENG","107 CLEMENTI STREET 12 #01-K1 SINGAPORE 120107","B","na","manual_or_html","","","to_find",""
"R102","TAN CHU PEE","107A CLEMENTI STREET 12 #01-66 SINGAPORE 121107","A","na","manual_or_html","","","to_find",""
"R103","ONG SOO YONG","109 CLEMENTI STREET 11 #01-07 SINGAPORE 120109","B","na","manual_or_html","","","to_find",""
"R104","PINES FOOD CATERING PTE. LTD.","11 KENT RIDGE DRIVE #01-03 SHAW FOUNDATION ALUMNI HOUSE-NUS SINGAPORE 119244","A","na","manual_or_html","","","to_find",""
"R105","MASSIVE CRAVINGS LIFESTYLE PTE LTD","11 KENT RIDGE DRIVE #04-02 SHAW FOUNDATION ALUMNI HOUSE SINGAPORE 119244","A","na","manual_or_html","","","to_find",""
"R106","PLAYTIME RECREATION & CATERING LLP","11 NORTH BUONA VISTA DRIVE (PART OF LEVEL 21) THE METROPOLIS TOWER 2 SINGAPORE 138588","A","na","manual_or_html","","","to_find",""
"R107","ANG CHOR YONG","114 PASIR PANJANG ROAD SINGAPORE 118539","B","na","manual_or_html","","","to_find",""
"R108","KEE GHIM KHUAN","114 PASIR PANJANG ROAD SINGAPORE 118539","B","na","manual_or_html","","","to_find",""
"R109","LEE PING LUEN","114 PASIR PANJANG ROAD SINGAPORE 118539","B","na","manual_or_html","","","to_find",""
"R110","LU XIAOFANG","114 PASIR PANJANG ROAD SINGAPORE 118539","B","na","manual_or_html","","","to_find",""
"R111","COFFEE FOLKS LLP","118/120 PASIR PANJANG ROAD SINGAPORE 118541","A","na","manual_or_html","","","to_find",""
"R112","SPH BUZZ PTE. LTD.","12 CLEMENTI ROAD (PART OF) SINGAPORE 129742","A","na","manual_or_html","","","to_find",""
"R113","ANG TECK YONG","12 KENT RIDGE DRIVE NUS - TEMASEK HALL SINGAPORE 119243","A","na","manual_or_html","","","to_find",""
"R114","MONKEY BUSINESS CONCEPTS PTE LTD","122 PASIR PANJANG ROAD SINGAPORE 118544","A","na","manual_or_html","","","to_find",""
"R115","ASHMI (S) PTE LTD","124 PASIR PANJANG ROAD SINGAPORE 118545","B","na","manual_or_html","","","to_find",""
"R116","TEN & HAN TRADING PTE LTD","126 CLEMENTI AVENUE 2 (PART OF) CALTEX SERVICE STATION SINGAPORE 129930","A","na","manual_or_html","","","to_find",""
"R117","CHEVRON SINGAPORE PTE. LTD.","126 CLEMENTI AVENUE 2 CALTEX SERVICE STATION SINGAPORE 129930","A","na","manual_or_html","","","to_find",""
"R118","ESARN THAI CORNER PTE. LTD","130 PASIR PANJANG ROAD SINGAPORE 118548","B","na","manual_or_html","","","to_find",""
"R119","ZULKIFRI BIN SALI","14 CLEMENTI ROAD SINGAPORE 129743","B","6","manual_or_html","","","to_find",""
"R120","TAN SIEW HOON","14 MEDICAL DRIVE #01-03 YONG LOO LIN SCHOOL OF MEDICINE BLK MD6 NUS SINGAPORE 117599","A","na","manual_or_html","","","to_find",""
